<?xml version="1.0" encoding="UTF-8"?>
<export version="E">
  <design>
    <source>D:\backup før formatering\Documents\GitHub\bigbro\pcb\bigbro_box\bigbro_box.kicad_sch</source>
    <date>14/04/2022 19:46:49</date>
    <tool>Eeschema (6.0.2)</tool>
    <sheet number="1" name="/" tstamps="/">
      <title_block>
        <title/>
        <company/>
        <rev/>
        <date/>
        <source>bigbro_box.kicad_sch</source>
        <comment number="1" value=""/>
        <comment number="2" value=""/>
        <comment number="3" value=""/>
        <comment number="4" value=""/>
        <comment number="5" value=""/>
        <comment number="6" value=""/>
        <comment number="7" value=""/>
        <comment number="8" value=""/>
        <comment number="9" value=""/>
      </title_block>
    </sheet>
  </design>
  <components>
    <comp ref="C1">
      <value>1uF</value>
      <footprint>Capacitor_SMD:C_0603_1608Metric_Pad1.08x0.95mm_HandSolder</footprint>
      <libsource lib="Device" part="C_Small" description="Unpolarized capacitor, small symbol"/>
      <property name="Sheetname" value=""/>
      <property name="Sheetfile" value="bigbro_box.kicad_sch"/>
      <sheetpath names="/" tstamps="/"/>
      <tstamps>fbb20dfe-eb5c-4ae9-b521-0cbb2ac69fd9</tstamps>
    </comp>
    <comp ref="C2">
      <value>10uF</value>
      <footprint>Capacitor_SMD:C_0603_1608Metric_Pad1.08x0.95mm_HandSolder</footprint>
      <libsource lib="Device" part="C_Small" description="Unpolarized capacitor, small symbol"/>
      <property name="Sheetname" value=""/>
      <property name="Sheetfile" value="bigbro_box.kicad_sch"/>
      <sheetpath names="/" tstamps="/"/>
      <tstamps>06d702a6-dac2-43ec-94bc-a9b39fb37f29</tstamps>
    </comp>
    <comp ref="C3">
      <value>10u</value>
      <footprint>Capacitor_SMD:C_0805_2012Metric</footprint>
      <libsource lib="Device" part="C" description="Unpolarized capacitor"/>
      <property name="Sheetname" value=""/>
      <property name="Sheetfile" value="bigbro_box.kicad_sch"/>
      <sheetpath names="/" tstamps="/"/>
      <tstamps>a2214aa2-d2a1-40fa-ada6-287d3a696f65</tstamps>
    </comp>
    <comp ref="D1">
      <value>D_Small</value>
      <footprint>Diode_SMD:D_SOD-123</footprint>
      <libsource lib="Device" part="D_Small" description="Diode, small symbol"/>
      <property name="Sheetname" value=""/>
      <property name="Sheetfile" value="bigbro_box.kicad_sch"/>
      <sheetpath names="/" tstamps="/"/>
      <tstamps>406865e3-4a64-4859-8495-4696084632eb</tstamps>
    </comp>
    <comp ref="F1">
      <value>250mA</value>
      <footprint>Fuse:Fuseholder_Littelfuse_445_030_series_5x20mm</footprint>
      <libsource lib="Device" part="Fuse_Small" description="Fuse, small symbol"/>
      <property name="Sheetname" value=""/>
      <property name="Sheetfile" value="bigbro_box.kicad_sch"/>
      <sheetpath names="/" tstamps="/"/>
      <tstamps>7ba62d5b-6532-4850-a6f0-9c5abad6cef8</tstamps>
    </comp>
    <comp ref="J1">
      <value>CT_AMP</value>
      <footprint>Connector_JST:JST_XH_B4B-XH-A_1x04_P2.50mm_Vertical</footprint>
      <libsource lib="Connector_Generic" part="Conn_01x04" description="Generic connector, single row, 01x04, script generated (kicad-library-utils/schlib/autogen/connector/)"/>
      <property name="Sheetname" value=""/>
      <property name="Sheetfile" value="bigbro_box.kicad_sch"/>
      <sheetpath names="/" tstamps="/"/>
      <tstamps>50ea4506-522e-491c-89b3-0faca4b0fbf6</tstamps>
    </comp>
    <comp ref="J2">
      <value>Display</value>
      <footprint>Connector_PinHeader_2.54mm:PinHeader_1x08_P2.54mm_Vertical</footprint>
      <libsource lib="Connector_Generic" part="Conn_01x08" description="Generic connector, single row, 01x08, script generated (kicad-library-utils/schlib/autogen/connector/)"/>
      <property name="Sheetname" value=""/>
      <property name="Sheetfile" value="bigbro_box.kicad_sch"/>
      <sheetpath names="/" tstamps="/"/>
      <tstamps>fc39fdda-1f03-48e6-9966-c4215f48ab0d</tstamps>
    </comp>
    <comp ref="J3">
      <value>Mains</value>
      <footprint>Connector_Phoenix_MSTB:PhoenixContact_MSTBVA_2,5_2-G-5,08_1x02_P5.08mm_Vertical</footprint>
      <libsource lib="Connector_Generic" part="Conn_01x02" description="Generic connector, single row, 01x02, script generated (kicad-library-utils/schlib/autogen/connector/)"/>
      <property name="Sheetname" value=""/>
      <property name="Sheetfile" value="bigbro_box.kicad_sch"/>
      <sheetpath names="/" tstamps="/"/>
      <tstamps>10b97746-1b33-439b-93f5-63cf5f692878</tstamps>
    </comp>
    <comp ref="J4">
      <value>UART flashing</value>
      <footprint>Connector_PinHeader_2.54mm:PinHeader_1x06_P2.54mm_Vertical</footprint>
      <libsource lib="Connector_Generic" part="Conn_01x06" description="Generic connector, single row, 01x06, script generated (kicad-library-utils/schlib/autogen/connector/)"/>
      <property name="Sheetname" value=""/>
      <property name="Sheetfile" value="bigbro_box.kicad_sch"/>
      <sheetpath names="/" tstamps="/"/>
      <tstamps>77bbd23f-8cdd-4213-b56f-7ceb9e3d77c5</tstamps>
    </comp>
    <comp ref="J5">
      <value>Conn_01x02</value>
      <footprint>Connector_JST:JST_XH_S02B-XH-A-1_1x02_P2.50mm_Horizontal</footprint>
      <libsource lib="Connector_Generic" part="Conn_01x02" description="Generic connector, single row, 01x02, script generated (kicad-library-utils/schlib/autogen/connector/)"/>
      <property name="Sheetname" value=""/>
      <property name="Sheetfile" value="bigbro_box.kicad_sch"/>
      <sheetpath names="/" tstamps="/"/>
      <tstamps>ff6acccc-e91d-4f39-8e18-ed24c0213ecb</tstamps>
    </comp>
    <comp ref="J6">
      <value>Relay</value>
      <footprint>Connector_Phoenix_MSTB:PhoenixContact_MSTBVA_2,5_3-G-5,08_1x03_P5.08mm_Vertical</footprint>
      <libsource lib="Connector_Generic" part="Conn_01x03" description="Generic connector, single row, 01x03, script generated (kicad-library-utils/schlib/autogen/connector/)"/>
      <property name="Sheetname" value=""/>
      <property name="Sheetfile" value="bigbro_box.kicad_sch"/>
      <sheetpath names="/" tstamps="/"/>
      <tstamps>7638c301-0b35-406d-b331-eb16f332e857</tstamps>
    </comp>
    <comp ref="K1">
      <value>G5LE-1</value>
      <footprint>Relay_THT:Relay_SPDT_Omron-G5LE-1</footprint>
      <datasheet>http://www.omron.com/ecb/products/pdf/en-g5le.pdf</datasheet>
      <libsource lib="Relay" part="G5LE-1" description="Omron G5LE relay, Miniature Single Pole, SPDT, 10A"/>
      <property name="Sheetname" value=""/>
      <property name="Sheetfile" value="bigbro_box.kicad_sch"/>
      <sheetpath names="/" tstamps="/"/>
      <tstamps>9acef3fb-1a37-4563-b819-1fadbb2fcedf</tstamps>
    </comp>
    <comp ref="PS1">
      <value>HLK-PM01</value>
      <footprint>Converter_ACDC:Converter_ACDC_HiLink_HLK-PMxx</footprint>
      <datasheet>http://www.hlktech.net/product_detail.php?ProId=54</datasheet>
      <libsource lib="Converter_ACDC" part="HLK-PM01" description="Compact AC/DC board mount power module 3W 5V"/>
      <property name="Sheetname" value=""/>
      <property name="Sheetfile" value="bigbro_box.kicad_sch"/>
      <sheetpath names="/" tstamps="/"/>
      <tstamps>00358356-48d4-4fce-b415-956423c9972a</tstamps>
    </comp>
    <comp ref="Q1">
      <value>ADC114YUQ</value>
      <footprint>Package_TO_SOT_SMD:SOT-363_SC-70-6</footprint>
      <datasheet>http://www.onsemi.com/pub/Collateral/DTC114ED-D.PDF</datasheet>
      <libsource lib="Transistor_BJT" part="MUN5211DW1" description="0.1A Ic, 50V Vce, Dual NPN Bias Resistor Transistors, SOT-363"/>
      <property name="Sheetname" value=""/>
      <property name="Sheetfile" value="bigbro_box.kicad_sch"/>
      <sheetpath names="/" tstamps="/"/>
      <tstamps>e9192c63-2ee4-424e-bfde-ea9195386ad8 12687fb5-4863-4feb-9b33-06da631c3082</tstamps>
    </comp>
    <comp ref="Q2">
      <value>Q_NMOS_GDS</value>
      <footprint>Package_TO_SOT_SMD:SOT-323_SC-70_Handsoldering</footprint>
      <libsource lib="Device" part="Q_NMOS_GDS" description="N-MOSFET transistor, gate/drain/source"/>
      <property name="Sheetname" value=""/>
      <property name="Sheetfile" value="bigbro_box.kicad_sch"/>
      <sheetpath names="/" tstamps="/"/>
      <tstamps>217c24b6-b2ff-44f2-9bb1-339757f2692c</tstamps>
    </comp>
    <comp ref="Q3">
      <value>MMBT3906</value>
      <footprint>Package_TO_SOT_SMD:SOT-23</footprint>
      <datasheet>https://www.onsemi.com/pub/Collateral/2N3906-D.PDF</datasheet>
      <libsource lib="Transistor_BJT" part="MMBT3906" description="-0.2A Ic, -40V Vce, Small Signal PNP Transistor, SOT-23"/>
      <property name="Sheetname" value=""/>
      <property name="Sheetfile" value="bigbro_box.kicad_sch"/>
      <sheetpath names="/" tstamps="/"/>
      <tstamps>515c6398-591f-4a3b-bceb-35242b595b08</tstamps>
    </comp>
    <comp ref="R1">
      <value>1k</value>
      <footprint>Resistor_SMD:R_0603_1608Metric_Pad0.98x0.95mm_HandSolder</footprint>
      <libsource lib="Device" part="R_Small" description="Resistor, small symbol"/>
      <property name="Sheetname" value=""/>
      <property name="Sheetfile" value="bigbro_box.kicad_sch"/>
      <sheetpath names="/" tstamps="/"/>
      <tstamps>5d9d9d3c-54a8-45bc-8ba4-dd3022a92b2e</tstamps>
    </comp>
    <comp ref="R2">
      <value>10k</value>
      <footprint>Resistor_SMD:R_0603_1608Metric_Pad0.98x0.95mm_HandSolder</footprint>
      <libsource lib="Device" part="R_Small" description="Resistor, small symbol"/>
      <property name="Sheetname" value=""/>
      <property name="Sheetfile" value="bigbro_box.kicad_sch"/>
      <sheetpath names="/" tstamps="/"/>
      <tstamps>27d348a1-52ab-461b-912d-8e74113f7bbd</tstamps>
    </comp>
    <comp ref="R3">
      <value>1k2</value>
      <footprint>Resistor_SMD:R_0603_1608Metric_Pad0.98x0.95mm_HandSolder</footprint>
      <libsource lib="Device" part="R_Small" description="Resistor, small symbol"/>
      <property name="Sheetname" value=""/>
      <property name="Sheetfile" value="bigbro_box.kicad_sch"/>
      <sheetpath names="/" tstamps="/"/>
      <tstamps>3fcf8775-cc8f-4ef6-b42a-26f62cb23387</tstamps>
    </comp>
    <comp ref="R4">
      <value>2k2</value>
      <footprint>Resistor_SMD:R_0603_1608Metric_Pad0.98x0.95mm_HandSolder</footprint>
      <libsource lib="Device" part="R_Small" description="Resistor, small symbol"/>
      <property name="Sheetname" value=""/>
      <property name="Sheetfile" value="bigbro_box.kicad_sch"/>
      <sheetpath names="/" tstamps="/"/>
      <tstamps>dc178ce8-ddf1-4789-b3a4-5e2bce4acf7e</tstamps>
    </comp>
    <comp ref="R5">
      <value>10k</value>
      <footprint>Resistor_SMD:R_0603_1608Metric_Pad0.98x0.95mm_HandSolder</footprint>
      <libsource lib="Device" part="R_Small" description="Resistor, small symbol"/>
      <property name="Sheetname" value=""/>
      <property name="Sheetfile" value="bigbro_box.kicad_sch"/>
      <sheetpath names="/" tstamps="/"/>
      <tstamps>a1e372ea-e87f-4801-b502-5aa6b244555f</tstamps>
    </comp>
    <comp ref="R6">
      <value>10k</value>
      <footprint>Resistor_SMD:R_0603_1608Metric_Pad0.98x0.95mm_HandSolder</footprint>
      <libsource lib="Device" part="R_Small" description="Resistor, small symbol"/>
      <property name="Sheetname" value=""/>
      <property name="Sheetfile" value="bigbro_box.kicad_sch"/>
      <sheetpath names="/" tstamps="/"/>
      <tstamps>3c98e0c5-fbd1-46f3-bbcb-83572065bb2a</tstamps>
    </comp>
    <comp ref="R7">
      <value>1k</value>
      <footprint>Resistor_SMD:R_0603_1608Metric_Pad0.98x0.95mm_HandSolder</footprint>
      <libsource lib="Device" part="R_Small" description="Resistor, small symbol"/>
      <property name="Sheetname" value=""/>
      <property name="Sheetfile" value="bigbro_box.kicad_sch"/>
      <sheetpath names="/" tstamps="/"/>
      <tstamps>97fe3add-e963-43dc-b4a0-fcc3b1cfca06</tstamps>
    </comp>
    <comp ref="R8">
      <value>10k</value>
      <footprint>Resistor_SMD:R_0603_1608Metric_Pad0.98x0.95mm_HandSolder</footprint>
      <libsource lib="Device" part="R_Small" description="Resistor, small symbol"/>
      <property name="Sheetname" value=""/>
      <property name="Sheetfile" value="bigbro_box.kicad_sch"/>
      <sheetpath names="/" tstamps="/"/>
      <tstamps>1c936882-be2b-4e47-b65b-c5747670c70b</tstamps>
    </comp>
    <comp ref="SW1">
      <value>SW_SPDT</value>
      <footprint>Connector_JST:JST_XH_B3B-XH-A_1x03_P2.50mm_Vertical</footprint>
      <libsource lib="Switch" part="SW_SPDT" description="Switch, single pole double throw"/>
      <property name="Sheetname" value=""/>
      <property name="Sheetfile" value="bigbro_box.kicad_sch"/>
      <sheetpath names="/" tstamps="/"/>
      <tstamps>2808f675-0235-4ef6-ab7d-efe7f043257e</tstamps>
    </comp>
    <comp ref="TP1">
      <value>12</value>
      <footprint>TestPoint:TestPoint_Pad_D1.0mm</footprint>
      <libsource lib="Connector" part="TestPoint" description="test point"/>
      <property name="Sheetname" value=""/>
      <property name="Sheetfile" value="bigbro_box.kicad_sch"/>
      <sheetpath names="/" tstamps="/"/>
      <tstamps>175ed7bb-4fb9-47a8-908e-1b129cfb91bd</tstamps>
    </comp>
    <comp ref="TP2">
      <value>13</value>
      <footprint>TestPoint:TestPoint_Pad_D1.0mm</footprint>
      <libsource lib="Connector" part="TestPoint" description="test point"/>
      <property name="Sheetname" value=""/>
      <property name="Sheetfile" value="bigbro_box.kicad_sch"/>
      <sheetpath names="/" tstamps="/"/>
      <tstamps>845ced05-723c-4a73-ba93-254daa22e833</tstamps>
    </comp>
    <comp ref="TP3">
      <value>14</value>
      <footprint>TestPoint:TestPoint_Pad_D1.0mm</footprint>
      <libsource lib="Connector" part="TestPoint" description="test point"/>
      <property name="Sheetname" value=""/>
      <property name="Sheetfile" value="bigbro_box.kicad_sch"/>
      <sheetpath names="/" tstamps="/"/>
      <tstamps>48333162-d1e0-4294-bdcd-7ab3af90a05d</tstamps>
    </comp>
    <comp ref="TP4">
      <value>17</value>
      <footprint>TestPoint:TestPoint_Pad_D1.0mm</footprint>
      <libsource lib="Connector" part="TestPoint" description="test point"/>
      <property name="Sheetname" value=""/>
      <property name="Sheetfile" value="bigbro_box.kicad_sch"/>
      <sheetpath names="/" tstamps="/"/>
      <tstamps>7d6e40a7-832e-464b-a510-567d9f5ed879</tstamps>
    </comp>
    <comp ref="TP5">
      <value>19</value>
      <footprint>TestPoint:TestPoint_Pad_D1.0mm</footprint>
      <libsource lib="Connector" part="TestPoint" description="test point"/>
      <property name="Sheetname" value=""/>
      <property name="Sheetfile" value="bigbro_box.kicad_sch"/>
      <sheetpath names="/" tstamps="/"/>
      <tstamps>61f79557-ef22-4990-9f8d-ddfca0a12ec1</tstamps>
    </comp>
    <comp ref="TP6">
      <value>21</value>
      <footprint>TestPoint:TestPoint_Pad_D1.0mm</footprint>
      <libsource lib="Connector" part="TestPoint" description="test point"/>
      <property name="Sheetname" value=""/>
      <property name="Sheetfile" value="bigbro_box.kicad_sch"/>
      <sheetpath names="/" tstamps="/"/>
      <tstamps>f87de92b-59ad-49e5-b82f-aa3d47d46f77</tstamps>
    </comp>
    <comp ref="TP7">
      <value>27</value>
      <footprint>TestPoint:TestPoint_Pad_D1.0mm</footprint>
      <libsource lib="Connector" part="TestPoint" description="test point"/>
      <property name="Sheetname" value=""/>
      <property name="Sheetfile" value="bigbro_box.kicad_sch"/>
      <sheetpath names="/" tstamps="/"/>
      <tstamps>94036f82-44b0-488e-9cf4-7822ee8a8378</tstamps>
    </comp>
    <comp ref="TP8">
      <value>32</value>
      <footprint>TestPoint:TestPoint_Pad_D1.0mm</footprint>
      <libsource lib="Connector" part="TestPoint" description="test point"/>
      <property name="Sheetname" value=""/>
      <property name="Sheetfile" value="bigbro_box.kicad_sch"/>
      <sheetpath names="/" tstamps="/"/>
      <tstamps>a0bf705c-0db6-49c9-a698-51601347ab97</tstamps>
    </comp>
    <comp ref="TP9">
      <value>34</value>
      <footprint>TestPoint:TestPoint_Pad_D1.0mm</footprint>
      <libsource lib="Connector" part="TestPoint" description="test point"/>
      <property name="Sheetname" value=""/>
      <property name="Sheetfile" value="bigbro_box.kicad_sch"/>
      <sheetpath names="/" tstamps="/"/>
      <tstamps>61d1deaa-0cd8-4050-9251-71898aac2e41</tstamps>
    </comp>
    <comp ref="TP10">
      <value>35</value>
      <footprint>TestPoint:TestPoint_Pad_D1.0mm</footprint>
      <libsource lib="Connector" part="TestPoint" description="test point"/>
      <property name="Sheetname" value=""/>
      <property name="Sheetfile" value="bigbro_box.kicad_sch"/>
      <sheetpath names="/" tstamps="/"/>
      <tstamps>0ed619e4-5af3-4428-b531-4010a66d5645</tstamps>
    </comp>
    <comp ref="U1">
      <value>ESP32-WROOM-32</value>
      <footprint>RF_Module:ESP32-WROOM-32</footprint>
      <datasheet>https://www.espressif.com/sites/default/files/documentation/esp32-wroom-32_datasheet_en.pdf</datasheet>
      <libsource lib="RF_Module" part="ESP32-WROOM-32" description="RF Module, ESP32-D0WDQ6 SoC, Wi-Fi 802.11b/g/n, Bluetooth, BLE, 32-bit, 2.7-3.6V, onboard antenna, SMD"/>
      <property name="Sheetname" value=""/>
      <property name="Sheetfile" value="bigbro_box.kicad_sch"/>
      <sheetpath names="/" tstamps="/"/>
      <tstamps>91c365e4-7d58-491f-a073-f234cec943ac</tstamps>
    </comp>
    <comp ref="U2">
      <value>AP1117-33</value>
      <footprint>Package_TO_SOT_SMD:SOT-223-3_TabPin2</footprint>
      <datasheet>http://www.diodes.com/datasheets/AP1117.pdf</datasheet>
      <libsource lib="Regulator_Linear" part="AP1117-33" description="1A Low Dropout regulator, positive, 3.3V fixed output, SOT-223"/>
      <property name="Sheetname" value=""/>
      <property name="Sheetfile" value="bigbro_box.kicad_sch"/>
      <sheetpath names="/" tstamps="/"/>
      <tstamps>83f92541-fd99-4ce0-a7a4-abe4ec75143f</tstamps>
    </comp>
    <comp ref="U3">
      <value>4011</value>
      <footprint>Package_SO:SOIC-14_3.9x8.7mm_P1.27mm</footprint>
      <datasheet>http://www.intersil.com/content/dam/Intersil/documents/cd40/cd4011bms-12bms-23bms.pdf</datasheet>
      <libsource lib="4xxx" part="4011" description="Quad Nand 2 inputs"/>
      <property name="Sheetname" value=""/>
      <property name="Sheetfile" value="bigbro_box.kicad_sch"/>
      <sheetpath names="/" tstamps="/"/>
      <tstamps>f12d3a7f-55f9-470d-b4ae-24328d539386 b8daa90d-9ca9-4ecf-a615-71e7fe5c6ddb c5cf5b3f-a0b5-4e7b-a881-ce8e65437681 731736ec-adf3-4ded-94be-09f4314b6b46 102309da-8410-4a9b-b03e-befa3c575807</tstamps>
    </comp>
    <comp ref="U4">
      <value>4011</value>
      <footprint>Package_SO:SOIC-14_3.9x8.7mm_P1.27mm</footprint>
      <datasheet>http://www.intersil.com/content/dam/Intersil/documents/cd40/cd4011bms-12bms-23bms.pdf</datasheet>
      <libsource lib="4xxx" part="4011" description="Quad Nand 2 inputs"/>
      <property name="Sheetname" value=""/>
      <property name="Sheetfile" value="bigbro_box.kicad_sch"/>
      <sheetpath names="/" tstamps="/"/>
      <tstamps>b2eb3e22-a247-4eed-b4a3-7ae7aa73b811 83dc0afa-6570-4c67-a0e7-e1ad90eeae65 2c460886-9b4b-4fe7-80c8-1224e8de4468</tstamps>
    </comp>
    <comp ref="U5">
      <value>RF125-PS</value>
      <footprint>Module:rf125ps</footprint>
      <libsource lib="rf125ps" part="RF125-PS" description="125 kHz RFID module"/>
      <property name="Sheetname" value=""/>
      <property name="Sheetfile" value="bigbro_box.kicad_sch"/>
      <sheetpath names="/" tstamps="/"/>
      <tstamps>4801bb8f-4bd9-4ecc-95a3-079fbca5d6e7</tstamps>
    </comp>
    <comp ref="U6">
      <value>74LVC1T45</value>
      <footprint>Package_TO_SOT_SMD:SOT-23-6</footprint>
      <libsource lib="74lvc" part="74LVC1T45" description=""/>
      <property name="Sheetname" value=""/>
      <property name="Sheetfile" value="bigbro_box.kicad_sch"/>
      <sheetpath names="/" tstamps="/"/>
      <tstamps>2d5030b5-2585-4424-8758-6bd5f9325e05</tstamps>
    </comp>
  </components>
  <libparts>
    <libpart lib="4xxx" part="4011">
      <description>Quad Nand 2 inputs</description>
      <docs>http://www.intersil.com/content/dam/Intersil/documents/cd40/cd4011bms-12bms-23bms.pdf</docs>
      <footprints>
        <fp>DIP?14*</fp>
      </footprints>
      <fields>
        <field name="Reference">U</field>
        <field name="Value">4011</field>
        <field name="Datasheet">http://www.intersil.com/content/dam/Intersil/documents/cd40/cd4011bms-12bms-23bms.pdf</field>
      </fields>
      <pins>
        <pin num="1" name="" type="input"/>
        <pin num="2" name="" type="input"/>
        <pin num="3" name="" type="output"/>
        <pin num="4" name="" type="output"/>
        <pin num="5" name="" type="input"/>
        <pin num="6" name="" type="input"/>
        <pin num="7" name="VSS" type="power_in"/>
        <pin num="8" name="" type="input"/>
        <pin num="9" name="" type="input"/>
        <pin num="10" name="" type="output"/>
        <pin num="11" name="" type="output"/>
        <pin num="12" name="" type="input"/>
        <pin num="13" name="" type="input"/>
        <pin num="14" name="VDD" type="power_in"/>
      </pins>
    </libpart>
    <libpart lib="74lvc" part="74LVC1T45">
      <footprints>
        <fp>IPC_SOT65P210X110-6N</fp>
      </footprints>
      <fields>
        <field name="Reference">U</field>
        <field name="Value">74LVC1T45</field>
      </fields>
      <pins>
        <pin num="1" name="VCCA" type="power_in"/>
        <pin num="2" name="GND" type="power_in"/>
        <pin num="3" name="A" type="bidirectional"/>
        <pin num="4" name="B" type="bidirectional"/>
        <pin num="5" name="DIR" type="input"/>
        <pin num="6" name="VCCB" type="power_in"/>
      </pins>
    </libpart>
    <libpart lib="Connector" part="TestPoint">
      <description>test point</description>
      <docs>~</docs>
      <footprints>
        <fp>Pin*</fp>
        <fp>Test*</fp>
      </footprints>
      <fields>
        <field name="Reference">TP</field>
        <field name="Value">TestPoint</field>
        <field name="Datasheet">~</field>
      </fields>
      <pins>
        <pin num="1" name="1" type="passive"/>
      </pins>
    </libpart>
    <libpart lib="Connector_Generic" part="Conn_01x02">
      <description>Generic connector, single row, 01x02, script generated (kicad-library-utils/schlib/autogen/connector/)</description>
      <docs>~</docs>
      <footprints>
        <fp>Connector*:*_1x??_*</fp>
      </footprints>
      <fields>
        <field name="Reference">J</field>
        <field name="Value">Conn_01x02</field>
        <field name="Datasheet">~</field>
      </fields>
      <pins>
        <pin num="1" name="Pin_1" type="passive"/>
        <pin num="2" name="Pin_2" type="passive"/>
      </pins>
    </libpart>
    <libpart lib="Connector_Generic" part="Conn_01x03">
      <description>Generic connector, single row, 01x03, script generated (kicad-library-utils/schlib/autogen/connector/)</description>
      <docs>~</docs>
      <footprints>
        <fp>Connector*:*_1x??_*</fp>
      </footprints>
      <fields>
        <field name="Reference">J</field>
        <field name="Value">Conn_01x03</field>
        <field name="Datasheet">~</field>
      </fields>
      <pins>
        <pin num="1" name="Pin_1" type="passive"/>
        <pin num="2" name="Pin_2" type="passive"/>
        <pin num="3" name="Pin_3" type="passive"/>
      </pins>
    </libpart>
    <libpart lib="Connector_Generic" part="Conn_01x04">
      <description>Generic connector, single row, 01x04, script generated (kicad-library-utils/schlib/autogen/connector/)</description>
      <docs>~</docs>
      <footprints>
        <fp>Connector*:*_1x??_*</fp>
      </footprints>
      <fields>
        <field name="Reference">J</field>
        <field name="Value">Conn_01x04</field>
        <field name="Datasheet">~</field>
      </fields>
      <pins>
        <pin num="1" name="Pin_1" type="passive"/>
        <pin num="2" name="Pin_2" type="passive"/>
        <pin num="3" name="Pin_3" type="passive"/>
        <pin num="4" name="Pin_4" type="passive"/>
      </pins>
    </libpart>
    <libpart lib="Connector_Generic" part="Conn_01x06">
      <description>Generic connector, single row, 01x06, script generated (kicad-library-utils/schlib/autogen/connector/)</description>
      <docs>~</docs>
      <footprints>
        <fp>Connector*:*_1x??_*</fp>
      </footprints>
      <fields>
        <field name="Reference">J</field>
        <field name="Value">Conn_01x06</field>
        <field name="Datasheet">~</field>
      </fields>
      <pins>
        <pin num="1" name="Pin_1" type="passive"/>
        <pin num="2" name="Pin_2" type="passive"/>
        <pin num="3" name="Pin_3" type="passive"/>
        <pin num="4" name="Pin_4" type="passive"/>
        <pin num="5" name="Pin_5" type="passive"/>
        <pin num="6" name="Pin_6" type="passive"/>
      </pins>
    </libpart>
    <libpart lib="Connector_Generic" part="Conn_01x08">
      <description>Generic connector, single row, 01x08, script generated (kicad-library-utils/schlib/autogen/connector/)</description>
      <docs>~</docs>
      <footprints>
        <fp>Connector*:*_1x??_*</fp>
      </footprints>
      <fields>
        <field name="Reference">J</field>
        <field name="Value">Conn_01x08</field>
        <field name="Datasheet">~</field>
      </fields>
      <pins>
        <pin num="1" name="Pin_1" type="passive"/>
        <pin num="2" name="Pin_2" type="passive"/>
        <pin num="3" name="Pin_3" type="passive"/>
        <pin num="4" name="Pin_4" type="passive"/>
        <pin num="5" name="Pin_5" type="passive"/>
        <pin num="6" name="Pin_6" type="passive"/>
        <pin num="7" name="Pin_7" type="passive"/>
        <pin num="8" name="Pin_8" type="passive"/>
      </pins>
    </libpart>
    <libpart lib="Converter_ACDC" part="HLK-PM01">
      <description>Compact AC/DC board mount power module 3W 5V</description>
      <docs>http://www.hlktech.net/product_detail.php?ProId=54</docs>
      <footprints>
        <fp>Converter*ACDC*HiLink*HLK?PM*</fp>
      </footprints>
      <fields>
        <field name="Reference">PS</field>
        <field name="Value">HLK-PM01</field>
        <field name="Footprint">Converter_ACDC:Converter_ACDC_HiLink_HLK-PMxx</field>
        <field name="Datasheet">http://www.hlktech.net/product_detail.php?ProId=54</field>
      </fields>
      <pins>
        <pin num="1" name="AC/L" type="power_in"/>
        <pin num="2" name="AC/N" type="power_in"/>
        <pin num="3" name="-Vout" type="power_out"/>
        <pin num="4" name="+Vout" type="power_out"/>
      </pins>
    </libpart>
    <libpart lib="Device" part="C">
      <description>Unpolarized capacitor</description>
      <docs>~</docs>
      <footprints>
        <fp>C_*</fp>
      </footprints>
      <fields>
        <field name="Reference">C</field>
        <field name="Value">C</field>
        <field name="Datasheet">~</field>
      </fields>
      <pins>
        <pin num="1" name="" type="passive"/>
        <pin num="2" name="" type="passive"/>
      </pins>
    </libpart>
    <libpart lib="Device" part="C_Small">
      <description>Unpolarized capacitor, small symbol</description>
      <docs>~</docs>
      <footprints>
        <fp>C_*</fp>
      </footprints>
      <fields>
        <field name="Reference">C</field>
        <field name="Value">C_Small</field>
        <field name="Datasheet">~</field>
      </fields>
      <pins>
        <pin num="1" name="" type="passive"/>
        <pin num="2" name="" type="passive"/>
      </pins>
    </libpart>
    <libpart lib="Device" part="D_Small">
      <description>Diode, small symbol</description>
      <docs>~</docs>
      <footprints>
        <fp>TO-???*</fp>
        <fp>*_Diode_*</fp>
        <fp>*SingleDiode*</fp>
        <fp>D_*</fp>
      </footprints>
      <fields>
        <field name="Reference">D</field>
        <field name="Value">D_Small</field>
        <field name="Datasheet">~</field>
      </fields>
      <pins>
        <pin num="1" name="K" type="passive"/>
        <pin num="2" name="A" type="passive"/>
      </pins>
    </libpart>
    <libpart lib="Device" part="Fuse_Small">
      <description>Fuse, small symbol</description>
      <docs>~</docs>
      <footprints>
        <fp>SM*</fp>
      </footprints>
      <fields>
        <field name="Reference">F</field>
        <field name="Value">Fuse_Small</field>
        <field name="Datasheet">~</field>
      </fields>
      <pins>
        <pin num="1" name="" type="passive"/>
        <pin num="2" name="" type="passive"/>
      </pins>
    </libpart>
    <libpart lib="Device" part="Q_NMOS_GDS">
      <description>N-MOSFET transistor, gate/drain/source</description>
      <docs>~</docs>
      <fields>
        <field name="Reference">Q</field>
        <field name="Value">Q_NMOS_GDS</field>
        <field name="Datasheet">~</field>
      </fields>
      <pins>
        <pin num="1" name="G" type="input"/>
        <pin num="2" name="D" type="passive"/>
        <pin num="3" name="S" type="passive"/>
      </pins>
    </libpart>
    <libpart lib="Device" part="R_Small">
      <description>Resistor, small symbol</description>
      <docs>~</docs>
      <footprints>
        <fp>R_*</fp>
      </footprints>
      <fields>
        <field name="Reference">R</field>
        <field name="Value">R_Small</field>
        <field name="Datasheet">~</field>
      </fields>
      <pins>
        <pin num="1" name="" type="passive"/>
        <pin num="2" name="" type="passive"/>
      </pins>
    </libpart>
    <libpart lib="RF_Module" part="ESP32-WROOM-32">
      <description>RF Module, ESP32-D0WDQ6 SoC, Wi-Fi 802.11b/g/n, Bluetooth, BLE, 32-bit, 2.7-3.6V, onboard antenna, SMD</description>
      <docs>https://www.espressif.com/sites/default/files/documentation/esp32-wroom-32_datasheet_en.pdf</docs>
      <footprints>
        <fp>ESP32?WROOM?32*</fp>
      </footprints>
      <fields>
        <field name="Reference">U</field>
        <field name="Value">ESP32-WROOM-32</field>
        <field name="Footprint">RF_Module:ESP32-WROOM-32</field>
        <field name="Datasheet">https://www.espressif.com/sites/default/files/documentation/esp32-wroom-32_datasheet_en.pdf</field>
      </fields>
      <pins>
        <pin num="1" name="GND" type="power_in"/>
        <pin num="2" name="VDD" type="power_in"/>
        <pin num="3" name="EN" type="input"/>
        <pin num="4" name="SENSOR_VP" type="input"/>
        <pin num="5" name="SENSOR_VN" type="input"/>
        <pin num="6" name="IO34" type="input"/>
        <pin num="7" name="IO35" type="input"/>
        <pin num="8" name="IO32" type="bidirectional"/>
        <pin num="9" name="IO33" type="bidirectional"/>
        <pin num="10" name="IO25" type="bidirectional"/>
        <pin num="11" name="IO26" type="bidirectional"/>
        <pin num="12" name="IO27" type="bidirectional"/>
        <pin num="13" name="IO14" type="bidirectional"/>
        <pin num="14" name="IO12" type="bidirectional"/>
        <pin num="15" name="GND" type="passive"/>
        <pin num="16" name="IO13" type="bidirectional"/>
        <pin num="17" name="SHD/SD2" type="bidirectional"/>
        <pin num="18" name="SWP/SD3" type="bidirectional"/>
        <pin num="19" name="SCS/CMD" type="bidirectional"/>
        <pin num="20" name="SCK/CLK" type="bidirectional"/>
        <pin num="21" name="SDO/SD0" type="bidirectional"/>
        <pin num="22" name="SDI/SD1" type="bidirectional"/>
        <pin num="23" name="IO15" type="bidirectional"/>
        <pin num="24" name="IO2" type="bidirectional"/>
        <pin num="25" name="IO0" type="bidirectional"/>
        <pin num="26" name="IO4" type="bidirectional"/>
        <pin num="27" name="IO16" type="bidirectional"/>
        <pin num="28" name="IO17" type="bidirectional"/>
        <pin num="29" name="IO5" type="bidirectional"/>
        <pin num="30" name="IO18" type="bidirectional"/>
        <pin num="31" name="IO19" type="bidirectional"/>
        <pin num="32" name="NC" type="no_connect"/>
        <pin num="33" name="IO21" type="bidirectional"/>
        <pin num="34" name="RXD0/IO3" type="bidirectional"/>
        <pin num="35" name="TXD0/IO1" type="bidirectional"/>
        <pin num="36" name="IO22" type="bidirectional"/>
        <pin num="37" name="IO23" type="bidirectional"/>
        <pin num="38" name="GND" type="passive"/>
        <pin num="39" name="GND" type="passive"/>
      </pins>
    </libpart>
    <libpart lib="Regulator_Linear" part="AP1117-33">
      <description>1A Low Dropout regulator, positive, 3.3V fixed output, SOT-223</description>
      <docs>http://www.diodes.com/datasheets/AP1117.pdf</docs>
      <footprints>
        <fp>SOT?223*TabPin2*</fp>
      </footprints>
      <fields>
        <field name="Reference">U</field>
        <field name="Value">AP1117-33</field>
        <field name="Footprint">Package_TO_SOT_SMD:SOT-223-3_TabPin2</field>
        <field name="Datasheet">http://www.diodes.com/datasheets/AP1117.pdf</field>
      </fields>
      <pins>
        <pin num="1" name="GND" type="power_in"/>
        <pin num="2" name="VO" type="power_out"/>
        <pin num="3" name="VI" type="power_in"/>
      </pins>
    </libpart>
    <libpart lib="Relay" part="G5LE-1">
      <description>Omron G5LE relay, Miniature Single Pole, SPDT, 10A</description>
      <docs>http://www.omron.com/ecb/products/pdf/en-g5le.pdf</docs>
      <footprints>
        <fp>Relay*SPDT*Omron*G5LE?1*</fp>
      </footprints>
      <fields>
        <field name="Reference">K</field>
        <field name="Value">G5LE-1</field>
        <field name="Footprint">Relay_THT:Relay_SPDT_Omron-G5LE-1</field>
        <field name="Datasheet">http://www.omron.com/ecb/products/pdf/en-g5le.pdf</field>
      </fields>
      <pins>
        <pin num="1" name="" type="passive"/>
        <pin num="2" name="" type="passive"/>
        <pin num="3" name="" type="passive"/>
        <pin num="4" name="" type="passive"/>
        <pin num="5" name="" type="passive"/>
      </pins>
    </libpart>
    <libpart lib="Switch" part="SW_SPDT">
      <description>Switch, single pole double throw</description>
      <docs>~</docs>
      <fields>
        <field name="Reference">SW</field>
        <field name="Value">SW_SPDT</field>
        <field name="Datasheet">~</field>
      </fields>
      <pins>
        <pin num="1" name="A" type="passive"/>
        <pin num="2" name="B" type="passive"/>
        <pin num="3" name="C" type="passive"/>
      </pins>
    </libpart>
    <libpart lib="Transistor_BJT" part="MMBT3906">
      <description>-0.2A Ic, -40V Vce, Small Signal PNP Transistor, SOT-23</description>
      <docs>https://www.onsemi.com/pub/Collateral/2N3906-D.PDF</docs>
      <footprints>
        <fp>SOT?23*</fp>
      </footprints>
      <fields>
        <field name="Reference">Q</field>
        <field name="Value">MMBT3906</field>
        <field name="Footprint">Package_TO_SOT_SMD:SOT-23</field>
        <field name="Datasheet">https://www.onsemi.com/pub/Collateral/2N3906-D.PDF</field>
      </fields>
      <pins>
        <pin num="1" name="B" type="input"/>
        <pin num="2" name="E" type="passive"/>
        <pin num="3" name="C" type="passive"/>
      </pins>
    </libpart>
    <libpart lib="Transistor_BJT" part="MUN5211DW1">
      <description>0.1A Ic, 50V Vce, Dual NPN Bias Resistor Transistors, SOT-363</description>
      <docs>http://www.onsemi.com/pub/Collateral/DTC114ED-D.PDF</docs>
      <footprints>
        <fp>SOT*363*</fp>
      </footprints>
      <fields>
        <field name="Reference">Q</field>
        <field name="Value">MUN5211DW1</field>
        <field name="Footprint">Package_TO_SOT_SMD:SOT-363_SC-70-6</field>
        <field name="Datasheet">http://www.onsemi.com/pub/Collateral/DTC114ED-D.PDF</field>
      </fields>
      <pins>
        <pin num="1" name="E2" type="passive"/>
        <pin num="2" name="B2" type="input"/>
        <pin num="3" name="C1" type="passive"/>
        <pin num="4" name="E1" type="passive"/>
        <pin num="5" name="B1" type="input"/>
        <pin num="6" name="C2" type="passive"/>
      </pins>
    </libpart>
    <libpart lib="rf125ps" part="RF125-PS">
      <description>125 kHz RFID module</description>
      <fields>
        <field name="Reference">U</field>
        <field name="Value">RF125-PS</field>
      </fields>
      <pins>
        <pin num="1" name="GND" type="power_in"/>
        <pin num="2" name="VCC" type="power_in"/>
        <pin num="3" name="TXD" type="output"/>
        <pin num="4" name="XH" type="output"/>
        <pin num="5" name="LS" type="output"/>
        <pin num="6" name="L1" type="passive"/>
        <pin num="7" name="L2" type="passive"/>
      </pins>
    </libpart>
  </libparts>
  <libraries>
    <library logical="4xxx">
      <uri>C:\Program Files\KiCad\6.0\share\kicad\symbols\/4xxx.kicad_sym</uri>
    </library>
    <library logical="Connector">
      <uri>C:\Program Files\KiCad\6.0\share\kicad\symbols\/Connector.kicad_sym</uri>
    </library>
    <library logical="Connector_Generic">
      <uri>C:\Program Files\KiCad\6.0\share\kicad\symbols\/Connector_Generic.kicad_sym</uri>
    </library>
    <library logical="Converter_ACDC">
      <uri>C:\Program Files\KiCad\6.0\share\kicad\symbols\/Converter_ACDC.kicad_sym</uri>
    </library>
    <library logical="Device">
      <uri>C:\Program Files\KiCad\6.0\share\kicad\symbols\/Device.kicad_sym</uri>
    </library>
    <library logical="RF_Module">
      <uri>C:\Program Files\KiCad\6.0\share\kicad\symbols\/RF_Module.kicad_sym</uri>
    </library>
    <library logical="Regulator_Linear">
      <uri>C:\Program Files\KiCad\6.0\share\kicad\symbols\/Regulator_Linear.kicad_sym</uri>
    </library>
    <library logical="Relay">
      <uri>C:\Program Files\KiCad\6.0\share\kicad\symbols\/Relay.kicad_sym</uri>
    </library>
    <library logical="Switch">
      <uri>C:\Program Files\KiCad\6.0\share\kicad\symbols\/Switch.kicad_sym</uri>
    </library>
    <library logical="Transistor_BJT">
      <uri>C:\Program Files\KiCad\6.0\share\kicad\symbols\/Transistor_BJT.kicad_sym</uri>
    </library>
  </libraries>
  <nets>
    <net code="1" name="+3V3">
      <node ref="C2" pin="1" pintype="passive"/>
      <node ref="J2" pin="8" pinfunction="Pin_8" pintype="passive"/>
      <node ref="SW1" pin="2" pinfunction="B" pintype="passive"/>
      <node ref="U1" pin="2" pinfunction="VDD" pintype="power_in"/>
      <node ref="U2" pin="2" pinfunction="VO" pintype="power_out"/>
      <node ref="U3" pin="14" pinfunction="VDD" pintype="power_in"/>
      <node ref="U4" pin="14" pinfunction="VDD" pintype="power_in"/>
      <node ref="U6" pin="5" pinfunction="DIR" pintype="input"/>
      <node ref="U6" pin="6" pinfunction="VCCB" pintype="power_in"/>
    </net>
    <net code="2" name="+5V">
      <node ref="C1" pin="1" pintype="passive"/>
      <node ref="C3" pin="1" pintype="passive"/>
      <node ref="D1" pin="1" pinfunction="K" pintype="passive"/>
      <node ref="J1" pin="4" pinfunction="Pin_4" pintype="passive"/>
      <node ref="J4" pin="3" pinfunction="Pin_3" pintype="passive"/>
      <node ref="K1" pin="5" pintype="passive"/>
      <node ref="PS1" pin="4" pinfunction="+Vout" pintype="power_out"/>
      <node ref="Q3" pin="2" pinfunction="E" pintype="passive"/>
      <node ref="R2" pin="1" pintype="passive"/>
      <node ref="U2" pin="3" pinfunction="VI" pintype="power_in"/>
      <node ref="U5" pin="2" pinfunction="VCC" pintype="power_in"/>
      <node ref="U6" pin="1" pinfunction="VCCA" pintype="power_in"/>
    </net>
    <net code="3" name="/COM">
      <node ref="J6" pin="2" pinfunction="Pin_2" pintype="passive"/>
      <node ref="K1" pin="1" pintype="passive"/>
    </net>
    <net code="4" name="/I_Sens+">
      <node ref="J1" pin="3" pinfunction="Pin_3" pintype="passive"/>
      <node ref="U1" pin="4" pinfunction="SENSOR_VP" pintype="input"/>
    </net>
    <net code="5" name="/I_Sens-">
      <node ref="J1" pin="2" pinfunction="Pin_2" pintype="passive"/>
      <node ref="U1" pin="5" pinfunction="SENSOR_VN" pintype="input"/>
    </net>
    <net code="6" name="/L_in">
      <node ref="F1" pin="1" pintype="passive"/>
      <node ref="J3" pin="1" pinfunction="Pin_1" pintype="passive"/>
    </net>
    <net code="7" name="/MCU_RX0">
      <node ref="R3" pin="2" pintype="passive"/>
      <node ref="R4" pin="1" pintype="passive"/>
      <node ref="U1" pin="34" pinfunction="RXD0/IO3" pintype="bidirectional"/>
    </net>
    <net code="8" name="/MCU_TX0">
      <node ref="J4" pin="5" pinfunction="Pin_5" pintype="passive"/>
      <node ref="U1" pin="35" pinfunction="TXD0/IO1" pintype="bidirectional"/>
    </net>
    <net code="9" name="/NC">
      <node ref="J6" pin="3" pinfunction="Pin_3" pintype="passive"/>
      <node ref="K1" pin="4" pintype="passive"/>
    </net>
    <net code="10" name="/NO">
      <node ref="J6" pin="1" pinfunction="Pin_1" pintype="passive"/>
      <node ref="K1" pin="3" pintype="passive"/>
    </net>
    <net code="11" name="/N_in">
      <node ref="J3" pin="2" pinfunction="Pin_2" pintype="passive"/>
      <node ref="PS1" pin="2" pinfunction="AC/N" pintype="power_in"/>
    </net>
    <net code="12" name="/Relay_reset">
      <node ref="U3" pin="13" pintype="input"/>
      <node ref="U3" pin="3" pintype="output"/>
    </net>
    <net code="13" name="/Relay_trig">
      <node ref="U3" pin="4" pintype="output"/>
      <node ref="U3" pin="8" pintype="input"/>
    </net>
    <net code="14" name="/card_switch">
      <node ref="R5" pin="1" pintype="passive"/>
      <node ref="SW1" pin="3" pinfunction="C" pintype="passive"/>
      <node ref="U1" pin="10" pinfunction="IO25" pintype="bidirectional"/>
      <node ref="U3" pin="5" pintype="input"/>
      <node ref="U4" pin="1" pintype="input"/>
      <node ref="U4" pin="2" pintype="input"/>
    </net>
    <net code="15" name="/relay">
      <node ref="R7" pin="1" pintype="passive"/>
      <node ref="R8" pin="1" pintype="passive"/>
      <node ref="U3" pin="10" pintype="output"/>
      <node ref="U3" pin="12" pintype="input"/>
    </net>
    <net code="16" name="/relay_gpio">
      <node ref="R6" pin="1" pintype="passive"/>
      <node ref="U1" pin="9" pinfunction="IO33" pintype="bidirectional"/>
      <node ref="U3" pin="6" pintype="input"/>
      <node ref="U4" pin="5" pintype="input"/>
      <node ref="U4" pin="6" pintype="input"/>
    </net>
    <net code="17" name="/~{BOOT}">
      <node ref="Q1" pin="3" pinfunction="C1" pintype="passive"/>
      <node ref="U1" pin="25" pinfunction="IO0" pintype="bidirectional"/>
    </net>
    <net code="18" name="/~{DTR}">
      <node ref="J4" pin="6" pinfunction="Pin_6" pintype="passive"/>
      <node ref="Q1" pin="2" pinfunction="B2" pintype="input"/>
      <node ref="Q1" pin="4" pinfunction="E1" pintype="passive"/>
    </net>
    <net code="19" name="/~{RESET}">
      <node ref="Q1" pin="6" pinfunction="C2" pintype="passive"/>
      <node ref="U1" pin="3" pinfunction="EN" pintype="input"/>
    </net>
    <net code="20" name="/~{RTS}">
      <node ref="J4" pin="2" pinfunction="Pin_2" pintype="passive"/>
      <node ref="Q1" pin="1" pinfunction="E2" pintype="passive"/>
      <node ref="Q1" pin="5" pinfunction="B1" pintype="input"/>
    </net>
    <net code="21" name="/~{card_switch}">
      <node ref="U3" pin="2" pintype="input"/>
      <node ref="U4" pin="4" pintype="output"/>
    </net>
    <net code="22" name="/~{relay_gpio}">
      <node ref="U3" pin="1" pintype="input"/>
      <node ref="U4" pin="3" pintype="output"/>
    </net>
    <net code="23" name="Display_A0">
      <node ref="J2" pin="4" pinfunction="Pin_4" pintype="passive"/>
      <node ref="U1" pin="24" pinfunction="IO2" pintype="bidirectional"/>
    </net>
    <net code="24" name="Display_CS">
      <node ref="J2" pin="6" pinfunction="Pin_6" pintype="passive"/>
      <node ref="U1" pin="23" pinfunction="IO15" pintype="bidirectional"/>
    </net>
    <net code="25" name="Display_Led">
      <node ref="J2" pin="1" pinfunction="Pin_1" pintype="passive"/>
      <node ref="Q3" pin="3" pinfunction="C" pintype="passive"/>
    </net>
    <net code="26" name="Display_Reset">
      <node ref="J2" pin="5" pinfunction="Pin_5" pintype="passive"/>
      <node ref="U1" pin="26" pinfunction="IO4" pintype="bidirectional"/>
    </net>
    <net code="27" name="Display_SCk">
      <node ref="J2" pin="2" pinfunction="Pin_2" pintype="passive"/>
      <node ref="U1" pin="30" pinfunction="IO18" pintype="bidirectional"/>
    </net>
    <net code="28" name="Display_SDA">
      <node ref="J2" pin="3" pinfunction="Pin_3" pintype="passive"/>
      <node ref="U1" pin="37" pinfunction="IO23" pintype="bidirectional"/>
    </net>
    <net code="29" name="Display_backlight">
      <node ref="R1" pin="2" pintype="passive"/>
      <node ref="U1" pin="29" pinfunction="IO5" pintype="bidirectional"/>
    </net>
    <net code="30" name="ESP_RFID_TX">
      <node ref="U1" pin="27" pinfunction="IO16" pintype="bidirectional"/>
      <node ref="U6" pin="4" pinfunction="B" pintype="bidirectional"/>
    </net>
    <net code="31" name="GND">
      <node ref="C1" pin="2" pintype="passive"/>
      <node ref="C2" pin="2" pintype="passive"/>
      <node ref="C3" pin="2" pintype="passive"/>
      <node ref="J1" pin="1" pinfunction="Pin_1" pintype="passive"/>
      <node ref="J2" pin="7" pinfunction="Pin_7" pintype="passive"/>
      <node ref="J4" pin="1" pinfunction="Pin_1" pintype="passive"/>
      <node ref="PS1" pin="3" pinfunction="-Vout" pintype="power_out"/>
      <node ref="Q2" pin="3" pinfunction="S" pintype="passive"/>
      <node ref="R4" pin="2" pintype="passive"/>
      <node ref="R5" pin="2" pintype="passive"/>
      <node ref="R6" pin="2" pintype="passive"/>
      <node ref="R8" pin="2" pintype="passive"/>
      <node ref="U1" pin="1" pinfunction="GND" pintype="power_in"/>
      <node ref="U1" pin="15" pinfunction="GND" pintype="passive"/>
      <node ref="U1" pin="38" pinfunction="GND" pintype="passive"/>
      <node ref="U1" pin="39" pinfunction="GND" pintype="passive"/>
      <node ref="U2" pin="1" pinfunction="GND" pintype="power_in"/>
      <node ref="U3" pin="7" pinfunction="VSS" pintype="power_in"/>
      <node ref="U4" pin="7" pinfunction="VSS" pintype="power_in"/>
      <node ref="U5" pin="1" pinfunction="GND" pintype="power_in"/>
      <node ref="U6" pin="2" pinfunction="GND" pintype="power_in"/>
    </net>
    <net code="32" name="Net-(D1-Pad2)">
      <node ref="D1" pin="2" pinfunction="A" pintype="passive"/>
      <node ref="K1" pin="2" pintype="passive"/>
      <node ref="Q2" pin="2" pinfunction="D" pintype="passive"/>
    </net>
    <net code="33" name="Net-(F1-Pad2)">
      <node ref="F1" pin="2" pintype="passive"/>
      <node ref="PS1" pin="1" pinfunction="AC/L" pintype="power_in"/>
    </net>
    <net code="34" name="Net-(J4-Pad4)">
      <node ref="J4" pin="4" pinfunction="Pin_4" pintype="passive"/>
      <node ref="R3" pin="1" pintype="passive"/>
    </net>
    <net code="35" name="Net-(J5-Pad1)">
      <node ref="J5" pin="1" pinfunction="Pin_1" pintype="passive"/>
      <node ref="U5" pin="7" pinfunction="L2" pintype="passive"/>
    </net>
    <net code="36" name="Net-(J5-Pad2)">
      <node ref="J5" pin="2" pinfunction="Pin_2" pintype="passive"/>
      <node ref="U5" pin="6" pinfunction="L1" pintype="passive"/>
    </net>
    <net code="37" name="Net-(Q2-Pad1)">
      <node ref="Q2" pin="1" pinfunction="G" pintype="input"/>
      <node ref="R7" pin="2" pintype="passive"/>
    </net>
    <net code="38" name="Net-(Q3-Pad1)">
      <node ref="Q3" pin="1" pinfunction="B" pintype="input"/>
      <node ref="R1" pin="1" pintype="passive"/>
      <node ref="R2" pin="2" pintype="passive"/>
    </net>
    <net code="39" name="Net-(TP1-Pad1)">
      <node ref="TP1" pin="1" pinfunction="1" pintype="passive"/>
      <node ref="U1" pin="14" pinfunction="IO12" pintype="bidirectional"/>
    </net>
    <net code="40" name="Net-(TP2-Pad1)">
      <node ref="TP2" pin="1" pinfunction="1" pintype="passive"/>
      <node ref="U1" pin="16" pinfunction="IO13" pintype="bidirectional"/>
    </net>
    <net code="41" name="Net-(TP3-Pad1)">
      <node ref="TP3" pin="1" pinfunction="1" pintype="passive"/>
      <node ref="U1" pin="13" pinfunction="IO14" pintype="bidirectional"/>
    </net>
    <net code="42" name="Net-(TP4-Pad1)">
      <node ref="TP4" pin="1" pinfunction="1" pintype="passive"/>
      <node ref="U1" pin="28" pinfunction="IO17" pintype="bidirectional"/>
    </net>
    <net code="43" name="Net-(TP5-Pad1)">
      <node ref="TP5" pin="1" pinfunction="1" pintype="passive"/>
      <node ref="U1" pin="31" pinfunction="IO19" pintype="bidirectional"/>
    </net>
    <net code="44" name="Net-(TP6-Pad1)">
      <node ref="TP6" pin="1" pinfunction="1" pintype="passive"/>
      <node ref="U1" pin="33" pinfunction="IO21" pintype="bidirectional"/>
    </net>
    <net code="45" name="Net-(TP7-Pad1)">
      <node ref="TP7" pin="1" pinfunction="1" pintype="passive"/>
      <node ref="U1" pin="12" pinfunction="IO27" pintype="bidirectional"/>
    </net>
    <net code="46" name="Net-(TP8-Pad1)">
      <node ref="TP8" pin="1" pinfunction="1" pintype="passive"/>
      <node ref="U1" pin="8" pinfunction="IO32" pintype="bidirectional"/>
    </net>
    <net code="47" name="Net-(TP9-Pad1)">
      <node ref="TP9" pin="1" pinfunction="1" pintype="passive"/>
      <node ref="U1" pin="6" pinfunction="IO34" pintype="input"/>
    </net>
    <net code="48" name="Net-(TP10-Pad1)">
      <node ref="TP10" pin="1" pinfunction="1" pintype="passive"/>
      <node ref="U1" pin="7" pinfunction="IO35" pintype="input"/>
    </net>
    <net code="49" name="Net-(U3-Pad11)">
      <node ref="U3" pin="11" pintype="output"/>
      <node ref="U3" pin="9" pintype="input"/>
    </net>
    <net code="50" name="Net-(U5-Pad3)">
      <node ref="U5" pin="3" pinfunction="TXD" pintype="output"/>
      <node ref="U6" pin="3" pinfunction="A" pintype="bidirectional"/>
    </net>
    <net code="51" name="unconnected-(SW1-Pad1)">
      <node ref="SW1" pin="1" pinfunction="A" pintype="passive"/>
    </net>
    <net code="52" name="unconnected-(U1-Pad11)">
      <node ref="U1" pin="11" pinfunction="IO26" pintype="bidirectional"/>
    </net>
    <net code="53" name="unconnected-(U1-Pad17)">
      <node ref="U1" pin="17" pinfunction="SHD/SD2" pintype="bidirectional+no_connect"/>
    </net>
    <net code="54" name="unconnected-(U1-Pad18)">
      <node ref="U1" pin="18" pinfunction="SWP/SD3" pintype="bidirectional+no_connect"/>
    </net>
    <net code="55" name="unconnected-(U1-Pad19)">
      <node ref="U1" pin="19" pinfunction="SCS/CMD" pintype="bidirectional+no_connect"/>
    </net>
    <net code="56" name="unconnected-(U1-Pad20)">
      <node ref="U1" pin="20" pinfunction="SCK/CLK" pintype="bidirectional+no_connect"/>
    </net>
    <net code="57" name="unconnected-(U1-Pad21)">
      <node ref="U1" pin="21" pinfunction="SDO/SD0" pintype="bidirectional+no_connect"/>
    </net>
    <net code="58" name="unconnected-(U1-Pad22)">
      <node ref="U1" pin="22" pinfunction="SDI/SD1" pintype="bidirectional+no_connect"/>
    </net>
    <net code="59" name="unconnected-(U1-Pad32)">
      <node ref="U1" pin="32" pinfunction="NC" pintype="no_connect"/>
    </net>
    <net code="60" name="unconnected-(U1-Pad36)">
      <node ref="U1" pin="36" pinfunction="IO22" pintype="bidirectional"/>
    </net>
    <net code="61" name="unconnected-(U5-Pad4)">
      <node ref="U5" pin="4" pinfunction="XH" pintype="output+no_connect"/>
    </net>
    <net code="62" name="unconnected-(U5-Pad5)">
      <node ref="U5" pin="5" pinfunction="LS" pintype="output+no_connect"/>
    </net>
  </nets>
</export>
